,Date,sample,piece,field,Host,analysis,Length,Width,Phases,VL (%),VV (%),VS (%),Tm CO2,Te,Tm Hh,Tm H2O,Tm CL,Th CO2,Tm Xts,Th total,Hmg Mode,Type
1,11/02/2019,BU18FA22,A,FF1,quartz,1,9.1,7.4,L - V,75,25,,-58.5,-64,,,,,,,,
2,11/02/2019,BU18FA22,A,FF1,quartz,2,9.8,7.8,L - V,72,28,,,,,,,,,,,
3,20/02/2019,BU18FA22,A,FF2,quartz,1,24.8,13.3,L - V,73,27,,-62.2,-73.2,-25.6,-19.1,0.7,,,,,
4,11/02/2019,BU18FA22,A,FF2,quartz,2,13.8,8.9,L - V,80,20,,,-25.2,-25.2,-16.5,,,,,,
5,11/02/2019,BU18FA22,A,FF2,quartz,3,14.1,10.2,L - V,77,23,,-58.7,-27.3,-27.3,-17.2,0.1,,,,,
6,20/02/2019,BU18FA22,A,FF2,quartz,4,23.2,21,L - V,74,26,,-58.9,-74,-24.9,-11.2,0.4,,,,,
7,11/02/2019,BU18FA22,A,FF2,quartz,5,16.8,13.4,L - V,74,26,,,-26.2,-26.2,-15,1.3,,,,,
8,11/02/2019,BU18FA22,A,FF3b,quartz,1,23,11.4,L - V,72,28,,,-26.4,-26.4,-16,,,,,,
9,11/02/2019,BU18FA22,A,FF3b,quartz,2,16.5,11,L - V,75,25,,,-27.9,-27.9,-13.5,-2,,,,,
10,11/02/2019,BU18FA22,A,FF3b,quartz,3,15.5,13.1,L - V,73,27,,,-25.8,-25.8,-16.2,1.3,,,,,
11,11/02/2019,BU18FA22,A,FF3b,quartz,4,21.1,19.8,L - V,73,27,,,-25.5,-25.5,-15,-0.1,,,,,
12,11/02/2019,BU18FA22,A,FF3b,quartz,5,13.3,10.5,L - V,76,24,,,-26.2,-26.2,-18.4,0.1,,,,,
13,11/02/2019,BU18FA22,A,FF3a,quartz,1,19.2,8.1,L - V,75,25,,,-26.4,-26.4,-16.2,-1.6,,,,,
14,11/02/2019,BU18FA22,A,FF3a,quartz,2,13.7,8.5,L - V,70,30,,,-27.9,-27.9,-16.6,-1.1,,,,,
15,11/02/2019,BU18FA22,A,FF3a,quartz,3,22.4,15.3,L - V,66,34,,-62.1,-73,-26.1,-14.6,-0.8,,,,,
16,11/02/2019,BU18FA22,A,FF3a,quartz,4,24.6,13.3,L - V,74,26,,-59.8,-27.8,-27.8,-18.9,,,,,,
17,11/02/2019,BU18FA22,A,FF3a,quartz,5,13.5,6.8,L - V,91,9,,,-38,-26.3,-16.3,-2.8,,,,,
18,20/02/2019,BU18FA22,B,FF1,trolleite,1,11.3,8.2,L - V,75,25,,-58.7,-75,-27.2,-16.2,-5,,,,,
19,11/02/2019,BU18FA22,B,FF1,trolleite,2,11.7,7.3,L - V,69,31,,,-68.7,,-11.2,-3,,,,,
20,11/02/2019,BU18FA22,B,FF1,trolleite,3,9.6,7.4,L - V,76,24,,,-58.7,,-17.3,-2.3,,,,,
21,11/02/2019,BU18FA22,B,FF1,trolleite,4,13.3,6.5,L - V,80,20,,,-47.3,,,,,,,,
22,11/02/2019,BU18FA22,B,FF1,trolleite,5,7.8,4.8,L - V - S,73,22,5,,-72.1,,-22.8,-1.8,,,,,
23,11/02/2019,BU18FA22,B,FF1b,quartz,1,20.2,10.3,L - V,72,28,,,-72,,-16.5,-3.7,,,,,
24,11/02/2019,BU18FA22,B,FF1b,quartz,2,33.5,13.3,L - V,70,30,,,-73,,-20.6,-1.7,,,,,
25,11/02/2019,BU18FA22,B,FF1b,quartz,3,9.1,7.6,L - V,77,23,,,-63.2,,-19.6,-2.5,,,,,
26,11/02/2019,BU18FA22,B,FF1b,quartz,4,11.6,7.6,L - V,92,8,,,-61.6,-26.3,,-3.5,,,,,
27,11/02/2019,BU18FA22,B,FF1b,quartz,5,9.6,6.2,L - V,80,20,,,-58.2,,-20.5,-1.3,,,,,
28,11/02/2019,BU18FA22,B,FF2,scorzalite,1,14,11.6,L - V,77,23,,,-68,-24.1,-18.7,,,,,,
29,11/02/2019,BU18FA22,B,FF2,scorzalite,2,12.5,7.7,L - V,70,30,,-57,-62,,-21,-2,,,,,
30,11/02/2019,BU18FA22,B,FF2,scorzalite,3,11.4,7.1,L - V,79,21,,,-64.8,,-21.8,-0.3,,,,,
31,11/02/2019,BU18FA22,B,FF2,scorzalite,4,9,8,L - V,75,25,,,-68.1,,-21,-3.3,,,,,
32,20/02/2019,BU18FA22,B,FF2,scorzalite,5,17.2,10.5,L - V,72,28,,,-73.6,-26.2,-15.5,1.6,,,,,
33,20/02/2019,BU18FA22,B,FF2,scorzalite,6,14.2,10.8,L - V,74,26,,-58,-74.2,-28.7,-14.6,0.6,,,,,
34,20/03/2019,BU18FA20,C,FF1,bertossaite,1,89.7,26.5,L - L - V,78,22,,-58.7,-76.5,-24.8,-12.6,-2,27.2,,,CO2 = cri,
35,20/03/2019,BU18FA20,C,FF1,bertossaite,2,26.5,19,L - L - V,76,24,,-61.1,-74.8,-26.1,-13.1,-2.2,27.3,,,CO2 = cri,
36,20/03/2019,BU18FA20,C,FF1,bertossaite,3,15,7.5,L - L - V,77,23,,-58.8,-74.7,-26.4,-12.1,-2,27.4,,,CO2 = cri,
37,20/03/2019,BU18FA20,C,FF1,bertossaite,4,13.9,10.5,L - L - V,74,26,,-58.8,-74.3,-25.3,-13.3,-2.4,27.5,,,CO2 = cri,
38,20/03/2019,BU18FA20,B,FF2,bertossaite,1,17.7,13.5,L - V,79,21,,,-70,-19.7,-10.9,3.8,,,,,
39,20/03/2019,BU18FA20,B,FF2,bertossaite,2,12.2,10.1,L - V,78,22,,,-70,-23.1,-10.7,3.5,,,,,
40,20/03/2019,BU18FA20,B,FF2,bertossaite,3,71.6,46.6,L - V,80,20,,,-65,-19.5,-10.3,4.8,,,,,
41,20/03/2019,BU18FA20,B,FF2,bertossaite,4,33.3,34.4,V - L,40,60,,-57.8,-70,,-2.8,7.8,20.3,,,CO2 = L,
42,20/03/2019,BU18FA22,C,FF1,bertossaite,1,20.6,7,L - V,79,21,,,-72,-27.4,-22.9,-0.4,,,,,
43,20/03/2019,BU18FA22,C,FF1,bertossaite,2,9.3,6,L - V,75,25,,,-65,-26.3,-22.8,-0.3,,,,,
44,20/03/2019,BU18FA22,C,FF1,bertossaite,3,10.2,5.9,L - V,70,30,,,-65,,-23.7,,,,,,
45,20/03/2019,BU18FA22,C,FF1,bertossaite,4,21.9,4.8,L - V,75,25,,,-68,-25.3,-22.1,0.3,,,,,
46,24/04/2019,BU18FA20,E,FF1,trolleite,1,24.6,25.3,V - L,45,55,,-58.9,-74.3,-25.6,-15.2,5.2,23.8,,,CO2 = L,
47,24/04/2019,BU18FA20,E,FF1,trolleite,2,16.1,10.6,V - L,43,57,,-58.8,,-25.4,-14.7,5.8,23,,,CO2 = L,
48,24/04/2019,BU18FA20,E,FF1,trolleite,3,12.4,5.1,L - V - S,77,20,3,-58.7,-74.2,-22,-14.5,-3.4,19.1,,,CO2 = V (c) ,
49,24/04/2019,BU18FA20,E,FF1,trolleite,4,19.5,9.2,L - V,79,21,,,-73.8,-21.8,-14.4,2.2,,,,,
50,26/04/2019,BU18FA20,A,FF2,trolleite,1,43.9,22.9,L - V,65,35,,,-72.1,-26.4,-18.2,0.9,,,,,
51,26/04/2019,BU18FA20,A,FF2,trolleite,2,25.8,11.2,L - V,69,31,,,-73.4,-24.5,-12.3,3.9,,,,,
52,26/04/2019,BU18FA20,A,FF2,trolleite,3,14.5,10.9,L - V,69,31,,,,-22.9,-14.7,4.2,,,,,
53,29/04/2019,BU18FA20,F,FF1,bertossaite,1,23,20.5,L - V,84,16,,,-75.4,-24.9,-10.9,4.7,,,,,
54,29/04/2019,BU18FA20,F,FF1,bertossaite,2,28.9,20.4,L - V,86,14,,,-72.5,-24.2,-8.7,5.6,,,,,
55,29/04/2019,BU18FA20,F,FF1,bertossaite,3,22,15.1,L - V,80,20,,,,-23.8,-10.5,4.4,,,,,
56,29/04/2019,BU18FA20,F,FF2,trolleite,1,19.9,6.5,L - V,67,33,,,-72,-22,-9.8,0.5,,,,,
57,18/06/2019,BU18FA32,A,FF1,brazilianite,1,115.5,41.5,L - V - S,82,17,1,,-73,-27,-11.5,4.8,,,,,
58,18/06/2019,BU18FA32,A,FF1,brazilianite,2,117.8,33.8,L - L - V,43,57,,-63.2,-71,-22.3,-13,5.2,25.5,,,CO2 = L,
59,18/06/2019,BU18FA32,A,FF1,brazilianite,3,105.5,49.7,L - L - V,73,27,,-62.7,-72,-24.2,-10.8,-1.6,29.6,,,CO2 = L,
60,18/06/2019,BU18FA32,A,FF1,brazilianite,4,29.2,14.3,L - L - V,72,28,,-62.6,-75,-25.2,-11,-3.5,29.6,,,CO2 = L,
61,18/06/2019,BU18FA32,A,FF1,brazilianite,5,20.7,18.5,L - V,76,24,,,-74,-26,-12.4,3.9,,,,,
62,18/06/2019,BU18FA32,A,FF1,brazilianite,6,29.9,19.9,L - V,77,23,,,-71,-27,-12.4,3.9,,,,,
63,18/06/2019,BU18FA32,A,FF1,brazilianite,7,17.5,16.2,L - V,77,23,,,-65,-26.3,-11.9,4.1,,,,,
64,18/06/2019,BU18FA32,A,FF1,brazilianite,8,8.7,7.9,L - V,77,23,,,-73,-26.2,-11.5,,,,,,
65,18/06/2019,BU18FA32,A,FF1,brazilianite,9,25.3,11.8,L - V,76,24,,,-72,-24.1,-11.6,4,,,,,
66,18/06/2019,BU18FA32,A,FF1,brazilianite,10,22.5,14.4,L - V,73,27,,,-71,-25.2,-11.9,4.4,,,,,
67,18/06/2019,BU18FA32,C,FF1,brazilianite,1,44.5,24.3,L - V,78,22,,,-71,-24.2,-12.6,4.7,,,,,
68,18/06/2019,BU18FA32,C,FF1,brazilianite,2,25.9,25.9,L - V,77,23,,,-74,-24.2,-11.5,3.8,,,,,
69,18/06/2019,BU18FA32,C,FF1,brazilianite,3,18.5,11.9,L - L - V,64,36,,-61.5,-70,-29.1,-14.4,1.1,27.1,,,CO2 = L,
70,18/06/2019,BU18FA32,C,FF1,brazilianite,4,21.4,15.2,L - L - V,66,34,,-61.6,-72,-28.5,-14.9,0.9,27.1,,,CO2 = L,
71,18/06/2019,BU18FA32,C,FF1,brazilianite,5,22,9.3,L - L - V,67,33,,-62.2,-70,-28.5,-12.4,1.4,27.2,,,CO2 = L,
72,18/06/2019,BU18FA32,C,FF1,brazilianite,6,13.5,9.5,L - V,78,22,,,-72,-26.8,-11.7,3.8,,,,,
73,18/06/2019,BU18FA32,C,FF1,brazilianite,7,22.1,9.8,L - V,78,22,,,-70,-25.6,-12.4,4.1,,,,,
74,18/06/2019,BU18FA32,C,FF1,brazilianite,8,20.8,10.5,L - V,74,26,,,-73,-26.4,-10.7,3.9,,,,,
75,18/06/2019,BU18FA32,C,FF1,brazilianite,9,26.8,15.2,L - V,77,23,,,-60,-26.1,-12.8,-0.8,,,,,
76,18/06/2019,BU18FA32,C,FF1,brazilianite,10,32.9,19.6,L - V,79,21,,,-65,-25.8,-11.1,4.7,,,,,
77,18/07/2019,BU18FA20,E,FF1,trolleite,5,22.8,16.8,S - L - V,46,22,32,,-73,-20.8,-16.2,2.6,,,,,
78,18/07/2019,BU18FA20,E,FF1,trolleite,6,9.3,5.2,L - V - S,80,18,2,-57.2,-73,-24.2,-12.6,-2.4,27.6,,,CO2 = V (c),
79,18/07/2019,BU18FA20,E,FF1,trolleite,7,13.1,11.5,L - V,78,22,,,-74,-22,-13.5,-1.8,,,,,
80,18/07/2019,BU18FA20,G,FF1,trolleite,1,33.3,32.9,S - L - V,24,7,69,-58.4,,,,,25.1,,,CO2 = L,
81,18/07/2019,BU18FA20,G,FF1,trolleite,2,21.1,13.2,L - V - S,76,20,4,,-73,-24.9,-15.3,-2.8,,,,,
82,18/07/2019,BU18FA20,G,FF1,trolleite,3,20.4,12,S - L - V,57,10,33,-57.2,,,,,25.1,,,CO2 = L,
83,18/07/2019,BU18FA20,G,FF1,trolleite,4,17,9.5,V - L,52,48,,-57,-71,-24,-13.5,2.5,14.2,,,CO2 = V,
84,18/07/2019,BU18FA20,H,FF1,trolleite,1,46.9,26,L - V,76,24,,,-73,-24.8,-14.9,1.8,,,,,
85,18/07/2019,BU18FA20,H,FF1,trolleite,2,36.2,25.3,L - V,75,25,,,-72,-24.1,-15.1,2.2,,,,,
86,18/07/2019,BU18FA20,H,FF1,trolleite,3,21.6,11.2,L - V,75,25,,,-73,-23.8,-14,2.4,,,,,
87,18/07/2019,BU18FA20,H,FF1,trolleite,4,14.4,10.1,L - V,77,23,,,-72,-24,-13.4,2.9,,,,,
88,18/07/2019,BU18FA20,H,FF1,trolleite,5,17.4,8.8,L - V,77,23,,,-73,-23.9,-13.3,2.3,,,,,
90,18/07/2019,BU18FA20,H,FF1,trolleite,7,23.3,10.2,L - V - S,72,25,3,,-74,-23,-13.8,1.6,,,,,
91,18/07/2019,BU18FA20,A,FF1,scorzalite,1,19.8,10.1,L - V,60,40,,-57.2,-73,-22,-14,-3.9,,,,,
92,18/07/2019,BU18FA20,A,FF4,scorzalite,1,20.8,6.3,L - V,65,35,,-57.3,,,,,,,,,
93,18/07/2019,BU18FA20,I,FF1,scorzalite,1,17.6,10,L - V,72,28,,,-71,-25.2,-16,-5.5,,,,,
94,18/07/2019,BU18FA22,D,FF1,scorzalite,1,13.9,12.4,L - V,70,30,,,-72,-23.6,-13.5,2.2,,,,,
95,18/07/2019,BU18FA22,D,FF1,scorzalite,2,14.4,7.6,L - V,74,26,,,-71,-22.8,-11,2.8,,,,,
96,18/07/2019,BU18FA22,D,FF1,scorzalite,3,15.7,7.2,L - V,65,35,,,-72,-23.2,-11.6,1,,,,,
97,18/07/2019,BU18FA20,C,FF1,bertossaite,5,28.2,18,L - V,80,20,,-56.7,-74,-24,-12.1,-1.5,27.2,,,,
98,18/07/2019,BU18FA20,C,FF1,bertossaite,6,20.8,14.3,L - L - V,78,22,,-57.1,-72,-23.5,-15.4,-1.6,27.1,,,,
99,18/07/2019,BU18FA20,C,FF1,bertossaite,7,15.6,9.3,L - L - V,74,26,,-56.7,-73,-22.9,-11.9,-2.6,26.7,,,,
100,18/07/2019,BU18FA20,C,FF1,bertossaite,8,26,17.3,L - L - V,76,24,,-56.9,-75,-23.4,-11.4,-1.4,26.8,,,,
101,18/07/2019,BU18FA20,C,FF1,bertossaite,9,37.8,25.6,L - L - V,76,24,,-56.9,-73,-23.2,-12,-1.5,27.4,,,,
102,18/07/2019,BU18FA20,C,FF1,bertossaite,10,11.6,10,L - L - V,71,29,,,-72,-25.3,-11.7,-1.5,26.9,,,,
103,18/07/2019,BU18FA20,B,FF2,bertossaite,5,14.1,10,L - V,78,22,,,,-21,-9.8,3.4,,,,,
104,18/07/2019,BU18FA20,F,FF1,bertossaite,4,34.1,15.6,L - V,78,22,,,-72,-21.5,-6.7,4.1,,,,,
105,18/07/2019,BU18FA20,F,FF1,bertossaite,5,8.9,5.3,L - V - S,66,30,4,,-73,-22.6,-12.2,3.8,,,,,
110,27/07/2021,BU18FA32,B,FF2,brazilianite,1,26.2,20.7,L - V - S,77.5,22,0.5,,-73,-24.6,-10.3,4.9,,,,,
111,27/07/2021,BU18FA32,B,FF2,brazilianite,2,30.6,9.5,L - V,80,20,,,,-25.2,-10.5,5,,,,,
112,27/07/2021,BU18FA32,B,FF2,brazilianite,3,26.2,9.2,L - V - S,75,24,1,,,-24.5,-10.3,4.8,,,,,
113,27/07/2021,BU18FA32,B,FF2,brazilianite,4,30.9,12.3,L - V,78,22,,,,-24.2,-10.5,4.7,,,,,
114,27/07/2021,BU18FA32,B,FF2,brazilianite,5,22.7,17.1,L - V - S,77,22,1,,,-25.1,-10.3,4.9,,,,CO2=L,
115,27/07/2021,BU18FA20,B,FF4,bertossaite,1,24.5,20.4,L - L - V,78,22,,-57.2,-50,-26.6,-12.6,-8.9,29.4,,,CO2=L,
116,27/07/2021,BU18FA20,B,FF4,bertossaite,2,19.8,14.5,L - L - V,77,23,,-57.2,-50,-27,-12.1,-8.5,29.4,,,CO2=L,
117,27/07/2021,BU18FA20,B,FF4,bertossaite,3,28.6,21.2,L - L - V,77,23,,-57.2,-50,-27.2,-11.9,-9.2,29.4,,,CO2=L,
118,27/07/2021,BU18FA20,B,FF4,bertossaite,4,26,8.2,L - L - V,75,25,,-57,-50,-26.6,-12.1,-9.1,29.4,,,CO2=L,
119,27/07/2021,BU18FA20,B,FF4,bertossaite,5,29,15.8,L - V - S,72,12,16,-57,-50,-26.6,-12.5,5.6,29.4,,,CO2=L,
120,27/07/2021,BU18FA20,J,FF1,trolleite,1,18.4,12.8,L - V - S,70,26,4,,-73,-24.4,-14.7,2.2,,,,,
121,27/07/2021,BU18FA20,J,FF1,trolleite,2,22,9,L - V - S,69,26,5,,-73,-23.8,-15.5,2.3,,,,,
122,27/07/2021,BU18FA20,J,FF1,trolleite,3,16.9,11.8,L - V - S,71,21,8,,-73,-24.3,-13.2,2.6,,,,,
123,3/08/2021,BU18FA19,A,FF7b,trolleite,1,21.7,13.2,L - V,80,20,,,,-24.2,-8.4,6.5,,,,,
124,3/08/2021,BU18FA19,A,FF7b,trolleite,2,14,11.6,L - V,76,24,,,,-22,-9,1.3,14.8,,,CO2=V,
125,3/08/2021,BU18FA19,A,FF7b,trolleite,3,14.7,9.3,L - V - S,61,24,15,,,-20.1,-8.7,4,13.3,,,CO2=V,
126,3/08/2021,BU18FA19,A,FF7b,trolleite,4,20.2,11.1,L - V - S,68,19,13,-60,,-20.9,-16.2,2.2,13.5,,,CO2=V,
127,3/08/2021,BU18FA19,A,FF7b,trolleite,5,17.1,9.6,L - V - S,63,25,12,,,-20.3,-16.4,2.4,10.8,,,,
128,3/08/2021,BU18FA19,A,FF7b,trolleite,6,17.1,8.4,L - V - S,66,22,12,,,-20.9,-16.3,2.5,,,,,
129,3/08/2021,BU18FA19,A,FF7b,trolleite,7,16.3,7.9,L - V - S,59,23,18,,,-21.3,-17.4,1.9,,,,,
130,3/08/2021,BU18FA19,A,FF7b,trolleite,8,16.2,10,L - V - S,52,27,21,-60.3,,-21.1,-17.1,2.5,15.8,,,CO2=V,
131,3/08/2021,BU18FA19,A,FF7b,trolleite,9,14.8,7,L - V,74,26,,,,-21.7,-15.8,1.8,,,,,
132,3/08/2021,BU18FA19,A,FF7b,trolleite,10,14.7,7.7,L - V,69,31,,,,-20.3,-16.4,2.3,,,,,
133,16/08/2021,BU18FA19,B,FF1,trolleite,1,28.6,16.7,S - L - V,46,17,37,-57.4,-40,-25.8,-23.2,0.2,22.6,,,CO2=V,
134,13/09/2021,BU18FA19,B,FF1,trolleite,2,17.9,10.2,L - V - S,72,24,4,-57.3,,-24.6,-23.6,1.4,23.8,,,CO2=V,
135,13/09/2021,BU18FA19,B,FF1,trolleite,3,18.6,12.4,L - V - S,71,21,8,-57.3,,-24.2,-23.1,1.1,,,,,
136,13/09/2021,BU18FA19,B,FF1,trolleite,4,28.6,11.3,L - V - S,76,21,3,-57.5,,-24,-17.8,2.2,22.1,,,CO2=V,
137,13/09/2021,BU18FA19,B,FF1,trolleite,5,13.3,7.6,L - V,76,24,,-57.2,,-24.3,-23.9,1.7,24.1,,,CO2=V,
138,20/09/2021,BU18FA19,B,FF1,trolleite,6,21.9,10.1,L - V - S,62,28,10,-57,,-24.9,-22.8,1.1,19.5,,,CO2=V,
139,20/09/2021,BU18FA19,B,FF1,trolleite,7,15.8,9.2,L - V - S,73,18,9,-57.3,,-23.6,-17.6,2.5,,,,,
140,20/09/2021,BU18FA19,B,FF1,trolleite,8,25.9,13.1,S - L - V,51,19,30,-57,,-24.2,-16.7,2.8,,,,,
141,20/09/2021,BU18FA19,B,FF1,trolleite,9,11.1,6.6,L - V - S,67,23,10,,,-24.1,-14,2.6,,,,,
142,20/09/2021,BU18FA19,B,FF1,trolleite,10,14.2,8.2,L - V,71,29,,-57.2,,-23.4,,2,23.1,,,CO2=V,
143,20/09/2021,BU18FA19,B,FF1,trolleite,MI,19.5,17.4,S - L - V,16,12,72,-57,,-22.8,,,17.2,,,CO2=V,
144,20/09/2021,BU18FA19,C,FFore1,trolleite,1,9.5,6.8,L - V - S,68,30,2,,,,,,,,,,
145,20/09/2021,BU18FA19,C,FFore1,trolleite,2,8,5.3,L - V,75,25,,,,-24,-15.8,1.9,,,,,
146,20/09/2021,BU18FA19,C,FFore1,trolleite,3,11.1,6.1,L - V - S,65,32,3,,,-23.6,-15.5,2.2,,,,,
147,20/09/2021,BU18FA19,C,FFore1,trolleite,4,12.4,7.2,L - V,64,36,,-56.8,,,,1.3,,,,,
148,20/09/2021,BU18FA19,C,FFore1,trolleite,5,10.1,7.6,L - V - S,69,30,1,-57,,-23.7,-22.4,2.4,,,,,
149,20/09/2021,BU18FA19,C,FFore1,trolleite,6,11.7,9.7,L - V - S,67,23,10,-56.9,,-24.5,-17.8,2.5,,,,,
150,20/09/2021,BU18FA19,C,FFore1,trolleite,7,7.7,6.7,L - V,74,26,,,,-24.2,-14.6,2,,,,,
151,6/10/2021,BU18FA19,D,FFore2,quartz,1,15,13.8,L - V,78,22,,,,-23.4,-19.3,1.3,,,,,
152,6/10/2021,BU18FA19,D,FFore2,quartz,2,7.7,6.6,L - V,75,25,,,,-23.1,-17,2.1,,,,,
153,6/10/2021,BU18FA19,D,FFore2,quartz,3,9,8.4,L - V,77,23,,,,-24,-18.4,0.1,,,,,
154,6/10/2021,BU18FA19,D,FFore2,quartz,4,8.6,7.6,L - V,71,29,,,,-24.2,-19.4,-1.4,,,,,
155,6/10/2021,BU18FA19,D,FFore2,quartz,5,19,18,L - V,80,20,,-57.9,,-24.9,-16.5,-0.7,14.3,,,CO2=V,
156,6/10/2021,BU18FA19,D,FFore2,quartz,6,7.4,5.5,V - L,30,70,,,,,,,,,,,
157,6/10/2021,BU18FA19,D,FFore2,quartz,7,10.9,7.9,L - V,77,23,,-58.1,,-24.3,-18.6,0.9,,,,,
158,6/10/2021,BU18FA19,D,FFore2,quartz,8,6.3,6.2,L - V,76,24,,,,-24.8,-18.4,1.1,,,,,
159,6/10/2021,BU18FA19,D,FFore2,quartz,9,9,4.8,L - V,85,15,,,,-24.4,-22.1,3,13.5,,,CO2=V,
160,13/10/2021,BU18FA19,D,FFore2,quartz,11,14.2,8.7,L - V,78,22,,-57.4,,-24.1,-20.8,-1.1,,,,,
161,13/10/2021,BU18FA19,D,FFore2,quartz,12,12.1,8.2,L - V,79,21,,-57.3,,-23.7,-18.1,0.2,,,,,
162,13/10/2021,BU18FA19,D,FFore2,quartz,13,8.8,6.3,L - V,77,23,,,,-23.9,-18,0.2,,,,,
163,13/10/2021,BU18FA19,E,FF11,bertossaite,1,18.7,17.9,L - V,67,33,,,,-21.5,-16.2,2.5,,,,,
164,13/10/2021,BU18FA19,E,FF11,bertossaite,2,23,11.1,L - V,78,22,,,,-22.4,-16.3,2.4,,,,,
165,13/10/2021,BU18FA19,E,FF11,bertossaite,3,11.7,6.7,L - V,82,18,,,,-22.3,-17.3,2.2,,,,,
166,13/10/2021,BU18FA19,E,FF11,bertossaite,4,6.2,6.2,L - V,65,35,,,,-23,-16.4,1.6,,,,,
167,13/10/2021,BU18FA19,E,FF11,bertossaite,5,16.3,5,L - V,82,18,,,,-23.9,-16.4,2.4,,,,,
168,13/10/2021,BU18FA19,E,FF11,bertossaite,6,26.5,21.7,L - V,75,25,,,,-20.9,-15.4,2.6,,,,,
169,13/10/2021,BU18FA19,E,FF11,bertossaite,7,27.5,22.2,L - V,70,30,,-57.3,,-23.9,-19,1.3,24.2,,,CO2=V,
170,21/10/2021,BU18FA19,E,FF11,bertossaite,8,13.5,4.7,L - V,80,20,,,,-22.3,-17.6,,,,,,
171,21/10/2021,BU18FA19,E,FF11,bertossaite,9,12.2,9.7,L - V,82,18,,-57.2,,-22.9,-17.9,2.3,,,,,
172,21/10/2021,BU18FA19,E,FF11,bertossaite,10,20.4,9.4,L - V,80,20,,,,-24.2,-17.3,1.5,,,,,
173,21/10/2021,BU18FA19,E,FF11b,quartz,1,8.7,6.2,L - V,78,22,,,,-23.7,-17.6,0.9,,,,,
174,21/10/2021,BU18FA19,E,FF11b,quartz,2,21.9,9.5,L - V,74,26,,,,-24.2,-20.5,0.1,,,,,
175,21/10/2021,BU18FA19,E,FF11b,quartz,3,9.6,6.3,L - V,80,20,,-57.8,,-23.9,-19.8,-0.4,,,,,
176,21/10/2021,BU18FA19,E,FF11b,quartz,4,11.3,5.3,L - V,75,25,,,,-23.9,-19.7,-1.4,,,,,
177,21/10/2021,BU18FA19,E,FF11b,quartz,5,7.9,7.8,L - V,75,25,,,,-24,-15,-0.3,,,,,
178,21/10/2021,BU18FA19,E,FF11b,quartz,6,6.6,5.4,L - V,75,25,,,,-24.3,-15.4,-3.6,,,,,
179,21/10/2021,BU18FA19,E,FF11b,quartz,7,8.6,8.3,L - V,65,35,,,,-24.7,-11.7,0.8,,,,,
180,21/10/2021,BU18FA19,E,FF11b,quartz,8,14.5,9.4,L - V,75,25,,-58,,-24.3,-13.7,-0.5,14.2,,,CO2=V,
181,21/10/2021,BU18FA19,E,FF11b,quartz,9,26.1,14.7,L - V,64,36,,-57.8,,-24.2,-11.3,-4.9,19.8,,,CO2=V,
182,21/10/2021,BU18FA19,E,FF11b,quartz,10,13.1,11.3,L - V,68,32,,-57.6,,-22.9,-15.3,-0.4,18.9,,,CO2=V,
183,28/10/2021,BU18FA19,D,FF2,trolleite,1,54.8,39.5,L - V - S,65,15,20,-57.2,,-24,-18.5,1.6,,,,,
184,28/10/2021,BU18FA19,D,FF2,trolleite,2,38.3,31,L - V,87,13,,,,-23.2,-13.4,1.7,,,,,
185,28/10/2021,BU18FA19,D,FF2,trolleite,3,41.1,15.3,L - V - S,77,20,3,-57.3,,-22.8,-15.9,2.2,,,,,
186,28/10/2021,BU18FA19,D,FF2,trolleite,4,12.5,7.8,L - V - S,79,18,3,,,-23.9,-15.3,2.5,,,,,
187,28/10/2021,BU18FA19,D,FF2,trolleite,5,16.3,12.5,L - V,80,20,,,,-23.5,-15,2.6,,,,,
188,28/10/2021,BU18FA19,D,FF2,trolleite,6,13.7,8.9,L - V,78,22,,-57.2,,-23,-16,2.2,,,,,
189,28/10/2021,BU18FA19,D,FF2,trolleite,7,13.4,9.2,L - V,77,23,,-57.1,,-23.8,-17.4,0.5,,,,,
190,28/10/2021,BU18FA19,D,FF2,trolleite,8,16.2,12.5,L - V,85,15,,,,-23,-16.4,1.9,,,,,
191,28/10/2021,BU18FA19,D,FF2,trolleite,9,10.2,8.9,L - V,80,20,,,,-21.4,-16.7,2.1,,,,,
192,28/10/2021,BU18FA19,D,FF2,trolleite,10,11.5,10,L - V,80,20,,,,-21.9,-16.3,2.2,,,,,
193,28/10/2021,BU18FA02a,A,FF1,brazilianite,1,16.6,9,L - V - S,74,24,2,-57.4,,-23.7,-16.9,2.5,,,,,
194,28/10/2021,BU18FA02a,A,FF1,brazilianite,2,18.8,10.8,L - V,70,30,,-57.5,,-22.3,-16.9,2.3,12.5,,,CO2=V,
195,28/10/2021,BU18FA02a,A,FF1,brazilianite,3,8.6,7.8,L - V,80,20,,,,-22.6,-16.7,2.4,,,,,
196,28/10/2021,BU18FA02a,A,FF1,brazilianite,4,13.3,9.1,L - V - S,76,22,2,-57.5,,-23.5,-17.6,2.3,,,,CO2=V,
197,28/10/2021,BU18FA02a,A,FF1,brazilianite,5,12.9,7.9,L - V,70,30,,,,-22.2,-16.9,2.1,,,,,
198,18/11/2021,BU18FA04,A,FF3,bertossaite,1,15,12.8,L - V,70,30,,,,-21.7,-12.2,3.7,,,,,
199,18/11/2021,BU18FA04,A,FF3,bertossaite,2,18.2,14.8,L - V,80,20,,,,-21.8,-11.5,3.6,,,,,
200,18/11/2021,BU18FA04,A,FF3,bertossaite,3,27.8,21.3,L - V,75,25,,,,-21,-11.5,3.8,,,,,
201,18/11/2021,BU18FA04,A,FF3,bertossaite,4,43.3,26.2,L - L - V,85,15,,-57.4,,-24.4,-10.8,-6.9,20.5,,,CO2=V,
202,18/11/2021,BU18FA04,A,FF3,bertossaite,5,10.2,9.8,L - V,75,25,,,,-22.4,-11.2,3.7,,,,,
203,18/11/2021,BU18FA04,A,FF3,bertossaite,6,11.2,7.6,L - V,80,20,,,,-20.9,-11.6,3.6,17.5,,,CO2=V,
204,18/11/2021,BU18FA04,A,FF3,bertossaite,7,27.9,6.3,L - V,87,13,,-57.5,,-20.6,-12.5,3.1,,,,,
205,18/11/2021,BU18FA04,A,FF3,bertossaite,8,21.8,13.3,L - V,75,25,,,,-21.9,-11,3.9,,,,,
206,18/11/2021,BU18FA04,A,FF3,bertossaite,9,14.5,7,L - V,80,20,,,,-20.5,-14.6,3.1,,,,,
207,18/11/2021,BU18FA19(2),A,FF1b,augelite,1,23.9,10.9,L - L - V,75,25,,,,-23.1,-17.4,1.2,,,,,
208,18/11/2021,BU18FA19(2),A,FF1,augelite,1,22.5,14.7,L - V - S,69,25,6,-57.2,,-23.2,-14.2,1.3,24.3,,,CO2=V,
209,18/11/2021,BU18FA19(2),A,FF1,augelite,2,13.5,7.5,L - V,83,17,,-57.6,,-23.1,-13.7,2.3,21.6,,,CO2=V,
210,18/11/2021,BU18FA19(2),A,FF1,augelite,3,16.3,8.7,L - V,89,11,,-57.7,,-22.8,-16,1.2,25.6,,,CO2=V,
211,18/11/2021,BU18FA19(2),A,FF1,augelite,4,14.9,7.1,L - V,87,13,,,,-23.4,-16,0.6,,,,,
212,18/11/2021,BU18FA19(2),A,FF1,augelite,5,10.2,10,L - V,90,10,,,,-23.5,-18.4,0.9,,,,CO2=V,
213,18/11/2021,BU18FA19(2),A,FF1,augelite,6,17.5,7.2,L - V,87,13,,,,-22.9,-14.4,0.6,,,,,
214,18/11/2021,BU18FA19(2),A,FF1,augelite,7,11.3,10.2,L - V,80,20,,-57.2,,-23.6,-12,0.7,,,,CO2=V,
215,18/11/2021,BU18FA19(2),A,FF1,augelite,8,14.6,10.5,L - V,75,25,,-57.2,,-22.9,-11.8,0.8,,,,CO2=V,
216,18/11/2021,BU18FA19(2),A,FF1,augelite,9,12.4,12.4,V - L,40,60,,-57.6,,,-11.6,2,14,,,CO2=V,
217,18/11/2021,BU18FA19(2),A,FF2,augelite,1,16,9.9,L - V,75,25,,-58.9,,-25.3,-17.1,0.6,24.3,,,CO2=V,
218,18/11/2021,BU18FA19(2),A,FF2,augelite,2,14.4,4.8,L - V,78,22,,-58.1,,-24.9,-17.5,1.1,23.8,,,CO2=V,
219,18/11/2021,BU18FA19(2),A,FF2,augelite,3,14.3,7.5,L - V,85,15,,-57.6,,-24.2,-16.8,-0.4,,,,,
220,18/11/2021,BU18FA19(2),A,FF2,augelite,4,10.8,8.7,L - V,95,5,,,,,,,,,,,
221,18/11/2021,BU18FA19(2),A,FF2,augelite,5,9.8,8.7,L - V,73,27,,,,-22.8,-14.2,1,,,,,
222,18/11/2021,BU18FA19(2),A,FF2b,augelite,1,11.8,8.3,L - V,75,25,,-57.8,,-23.1,-15.6,0.6,,,,CO2=V,
223,18/11/2021,BU18FA19(2),A,FF2b,augelite,2,8,6.3,L - V,80,20,,-57.2,,-24,-17.8,0.8,,,,,
224,18/11/2021,BU18FA19(2),A,FF2b,augelite,3,10.8,8.4,L - L - V,75,25,,-58.5,,-23.3,-12.9,-0.6,25.7,,,CO2=V,
225,18/11/2021,BU18FA19(2),A,FF2b,augelite,4,13.4,9.1,L - V,80,20,,-59.2,,-24.4,-16.2,0.5,20.6,,,CO2=V,
226,18/11/2021,BU18FA19(2),A,FF2b,augelite,5,55.8,4.7,L - L - V,93,7,,,,-18.6,-17.2,0.9,24.9,,,CO2=L,
227,18/11/2021,BU18FA32,AII,incC,wyllieite,1,39.6,29.3,L - V - S,79,20,1,,,-20.8,-13.1,1.6,,,,,
228,18/11/2021,BU18FA32,AII,incC,wyllieite,2,18.8,5.6,L - V - S,78,20,2,,,-21.3,-11.3,1.5,,,,,
229,18/11/2021,BU18FA32,AII,incC,wyllieite,3,13.1,10,L - V - S,77,20,3,,,-21.7,-11.3,1.4,,,,,
230,18/11/2021,BU18FA32,AII,incC,wyllieite,4,8.4,6,L - V - S,76,20,4,,,-22.3,-11.8,1.5,,,,,
231,18/11/2021,BU18FA32,AII,incC,wyllieite,5,22.2,8.7,L - V - S,78,20,2,,,-23.4,-11.1,1.7,,,,,
232,2/02/2022,BU18FA19,A,FF7b,trolleite,11,,,L - V,,,,,,,,,,,,,
233,2/02/2022,BU18FA19,A,FF7b,trolleite,12,,,L - V,,,,,,,,,,,,,
234,2/02/2022,BU18FA04,B,FF5,trolleite,1,,,L - V - S,,,,,,,,,,,,,
235,2/02/2022,BU18FA20,E,FF1,trolleite,8,,,L - V,,,,,,,,,,,,,
236,2/02/2022,BU18FA04,B,FF6,bertossaite,1,,,L - V,,,,,,,,,,,,,
237,2/02/2022,BU18FA04,B,FF6,bertossaite,6,,,L - V,,,,,,,,,,,,,
238,2/02/2022,BU18FA04,B,FF6,bertossaite,9,,,L - V,,,,,,,,,,,,,
239,2/02/2022,BU18FA04,B,FF7,bertossaite,1,,,L - V,,,,,,,,,,,,,
240,2/02/2022,BU18FA04,B,FF7,bertossaite,2,,,L - V,,,,,,,,,,,,,
241,2/02/2022,BU18FA04,B,FF7,bertossaite,3,,,L - V,,,,,,,,,,,,,
242,2/02/2022,BU18FA04,B,FF7,bertossaite,5,,,V - L,,,,,,,,,,,,,
243,2/02/2022,BU18FA20,B,FF2,bertossaite,7,,,L - V,,,,,,,,,,,,,
244,2/02/2022,BU18FA20,B,FF4,bertossaite,6,,,L - V,,,,,,,,,,,,,
245,2/02/2022,BU18FA20,B,FF4,bertossaite,7,,,L - V,,,,,,,,,,,,,
246,2/02/2022,BU18FA20,B,FF4,bertossaite,9,,,L - V,,,,,,,,,,,,,
247,2/02/2022,BU18FA22,C,FF2,bertossaite,1,,,L - V,,,,,,,,,,,,,
248,2/02/2022,BU18FA22,C,FF2,bertossaite,2,,,L - V - S,,,,,,,,,,,,,
249,2/02/2022,BU18FA22,C,FF2,bertossaite,3,,,L - V,,,,,,,,,,,,,
250,2/02/2022,BU18FA32,A,FF1,brazilianite,11,,,L - V,,,,,,,,,,,,,
251,2/02/2022,BU18FA02a,B,FF3,brazilianite,1,,,L - V,,,,,,,,,,,,,
252,2/02/2022,BU18FA02a,B,FF3,brazilianite,2,,,L - V,,,,,,,,,,,,,
253,2/02/2022,BU18FA02a,B,FF3,brazilianite,3,,,L - V,,,,,,,,,,,,,
254,2/02/2022,BU18FA02a,B,FF3,brazilianite,4,,,L - V,,,,,,,,,,,,,
255,2/02/2022,BU18FA02a,B,FF3,brazilianite,5,,,L - V,,,,,,,,,,,,,
256,2/02/2022,BU18FA02a,B,FF3,brazilianite,6,,,L - V,,,,,,,,,,,,,
257,2/02/2022,BU18FA02a,B,FF4,brazilianite,1,,,L - V - S,,,,,,,,,,,,,
258,2/02/2022,BU18FA32,B,FF1,brazilianite,1,,,L - V,,,,,,,,,,,,,
259,2/02/2022,BU18FA32,B,FF1,brazilianite,2,,,L - V,,,,,,,,,,,,,
260,2/02/2022,BU18FA32,B,FF1,brazilianite,3,,,L - V,,,,,,,,,,,,,
261,2/02/2022,BU18FA32,B,FF1,brazilianite,4,,,L - V,,,,,,,,,,,,,
262,2/02/2022,BU18FA32,B,FF1,brazilianite,5,,,L - V,,,,,,,,,,,,,
263,2/02/2022,BU18FA32,B,FF1,brazilianite,6,,,L - V,,,,,,,,,,,,,
264,2/02/2022,BU18FA32,B,FF2,brazilianite,6,,,L - V,,,,,,,,,,,,,
265,2/02/2022,BU18FA32,B,FF2,brazilianite,7,,,L - V,,,,,,,,,,,,,
266,2/02/2022,BU18FA32,B,FF2,brazilianite,8,,,L - V,,,,,,,,,,,,,
267,2/02/2022,BU18FA32,B,FF2,brazilianite,9,,,L - V,,,,,,,,,,,,,
268,2/02/2022,BU18FA19(2),A,FF2,augelite,6,,,L - V,,,,,,,,,,,,,
269,2/02/2022,BU18FA19(2),A,FF2,augelite,7,,,L - V,,,,,,,,,,,,,
270,2/02/2022,BU18FA32,AII,incC,wyllieite,6,,,L - V - S,,,,,,,,,,,,,
271,2/02/2022,BU18FA32,AII,incC,wyllieite,7,,,L - V - S,,,,,,,,,,,,,
272,2/02/2022,BU18FA32,AII,incC,wyllieite,8,,,L - V - S,,,,,,,,,,,,,
273,2/02/2022,BU18FA19(2),A,FF1,augelite,10,,,L - V,,,,,,,,,,,,,
274,2/02/2022,BU18FA04,C,FF8,trolleite,1,,,L - V,,,,,,,,,,,,,
275,2/02/2022,BU18FA04,C,FF8,trolleite,3,,,L - V,,,,,,,,,,,,,
276,2/02/2022,BU18FA04,C,FF8,trolleite,4,,,L - V - S,,,,,,,,,,,,,
277,2/02/2022,BU18FA04,C,FF8,trolleite,5,,,L - V,,,,,,,,,,,,,
